RadiusZipId,RadiusZip
1,010
2,011
3,012
4,013
5,014
6,015
7,016
8,017
9,018
10,019
11,020
12,021
13,022
14,023
15,024
16,025
17,026
18,027
19,028
20,029
21,030
22,031
23,032
24,033
25,034
26,036
27,038
28,039
29,040
30,050
31,051
32,052
33,053
34,055
35,057
36,060
37,061
38,062
39,063
40,064
41,065
42,066
43,067
44,068
45,069
46,105
47,106
48,109
49,120
50,121
51,122
52,123
53,124
54,125
55,126
56,127
57,128
58,130
59,131
60,132
61,133
62,134
63,135
64,136
65,137
66,138
67,140
68,141
69,142
70,143
71,144
72,145
73,146
74,147
75,148
76,149
77,150
78,151
79,152
80,153
81,154
82,155
83,156
84,157
85,158
86,159
87,160
88,161
89,162
90,163
91,164
92,165
93,166
94,167
95,169
96,170
97,171
98,172
99,173
100,174
101,175
102,176
103,178
104,179
105,180
106,189
107,190
108,191
109,192
110,193
111,194
112,195
113,196
114,197
115,198
116,199
117,200
118,201
119,202
120,203
121,204
122,205
123,206
124,207
125,208
126,209
127,210
128,211
129,212
130,214
131,215
132,216
133,217
134,218
135,219
136,220
137,221
138,222
139,223
140,224
141,225
142,226
143,227
144,228
145,229
146,230
147,231
148,232
149,233
150,234
151,238
152,239
153,245
154,260
155,261
156,264
157,265
158,270
159,271
160,272
161,273
162,274
163,275
164,276
165,277
166,278
167,280
168,281
169,282
170,283
171,284
172,285
173,286
174,287
175,289
176,290
177,291
178,292
179,293
180,295
181,296
182,297
183,300
184,301
185,302
186,303
187,305
188,306
189,307
190,311
191,313
192,315
193,316
194,320
195,321
196,322
197,326
198,327
199,328
200,329
201,330
202,331
203,332
204,333
205,334
206,335
207,336
208,337
209,338
210,339
211,341
212,342
213,344
214,346
215,347
216,349
217,350
218,351
219,356
220,357
221,358
222,359
223,362
224,370
225,371
226,372
227,373
228,374
229,375
230,377
231,378
232,379
233,380
234,381
235,382
236,383
237,384
238,385
239,386
240,387
241,388
242,389
243,399
244,400
245,401
246,403
247,405
248,406
249,410
250,411
251,420
252,421
253,422
254,423
255,424
256,426
257,427
258,430
259,431
260,432
261,433
262,434
263,435
264,436
265,437
266,438
267,439
268,440
269,441
270,442
271,443
272,444
273,445
274,446
275,447
276,448
277,449
278,450
279,451
280,452
281,453
282,454
283,455
284,456
285,457
286,458
287,459
288,460
289,461
290,462
291,467
292,469
293,470
294,471
295,472
296,473
297,474
298,475
299,478
300,479
301,480
302,481
303,482
304,483
305,484
306,485
307,486
308,487
309,488
310,489
311,490
312,491
313,492
314,493
315,494
316,495
317,496
318,540
319,547
320,548
321,550
322,551
323,553
324,554
325,555
326,557
327,559
328,560
329,562
330,563
331,564
332,618
333,619
334,624
335,638
336,720
337,721
338,723
339,724
340,730
341,731
342,734
343,735
344,736
345,737
346,740
347,744
348,745
349,746
350,748
351,758
352,759
353,770
354,772
355,773
356,774
357,775
358,776
359,777
360,778
361,779
362,780
363,781
364,782
365,786
366,788
367,789
368,850
369,851
370,852
371,853
372,855
373,856
374,863
375,864
376,889
377,890
378,891
379,923
380,936
381,937
382,939
383,940
384,941
385,942
386,943
387,944
388,945
389,946
390,947
391,948
392,949
393,950
394,951
395,952
396,953
397,954
398,956
399,957
400,958
401,959
402,961
403,970
404,971
405,972
406,973
407,980
408,981
409,982
410,983
411,984
412,985
413,986
414,988
415,989
416,V0N
417,V1M
418,V2P
419,V2R
420,V2S
421,V2T
422,V2V
423,V2W
424,V2X
425,V2Y
426,V2Z
427,V3A
428,V3B
429,V3C
430,V3E
431,V3G
432,V3H
433,V3J
434,V3K
435,V3L
436,V3M
437,V3N
438,V3R
439,V3S
440,V3T
441,V3V
442,V3W
443,V3X
444,V3Y
445,V3Z
446,V4A
447,V4B
448,V4C
449,V4E
450,V4G
451,V4K
452,V4L
453,V4M
454,V4N
455,V4P
456,V4R
457,V4S
458,V4W
459,V4X
460,V4Z
461,V5A
462,V5B
463,V5C
464,V5E
465,V5G
466,V5H
467,V5J
468,V5K
469,V5L
470,V5M
471,V5N
472,V5P
473,V5R
474,V5S
475,V5T
476,V5V
477,V5W
478,V5X
479,V5Y
480,V5Z
481,V6A
482,V6B
483,V6C
484,V6E
485,V6G
486,V6H
487,V6J
488,V6K
489,V6L
490,V6M
491,V6N
492,V6P
493,V6R
494,V6S
495,V6T
496,V6V
497,V6W
498,V6X
499,V6Y
500,V6Z
501,V7A
502,V7B
503,V7C
504,V7E
505,V7G
506,V7H
507,V7J
508,V7K
509,V7L
510,V7M
511,V7N
512,V7P
513,V7R
514,V7S
515,V7T
516,V7V
517,V7W
518,V7X
519,V7Y
520,V8B
